model,input_cost,output_cost,total_cost
sonnet3.7,0.023868,0.05082,0.074688
sonnet3.7,0.024708,0.012854999999999998,0.037563
sonnet3.7,0.024708,0.009885,0.034593
sonnet3.7,0.024783,0.020339999999999997,0.045122999999999996
sonnet3.7,0.024786,0.013694999999999999,0.038481
sonnet3.7,0.024876000000000002,0.10225499999999998,0.127131
sonnet3.7,0.024876000000000002,0.060869999999999994,0.08574599999999999
sonnet3.7,0.024876000000000002,0.08765999999999999,0.112536
sonnet3.7,0.024876000000000002,0.09999,0.124866
